City_ID,City,Country,Lat,Lng,Max Temp,Humidity,Cloudiness,Wind Speed,Current Description
0,Bara,NG,10.3744,10.7288,105.03,16,43,0.98,scattered clouds
1,The Valley,AI,18.217,-63.0578,82.54,61,40,19.57,scattered clouds
2,Cidreira,BR,-30.1811,-50.2056,71.82,83,97,9.15,overcast clouds
3,Dikson,RU,73.5069,80.5464,9.59,95,100,4.59,overcast clouds
4,Saint-Pierre,RE,-21.3393,55.4781,80.29,69,100,19.57,overcast clouds
5,Jamestown,US,42.097,-79.2353,39.18,64,100,11.5,overcast clouds
6,Castro,BR,-24.7911,-50.0119,75.07,65,95,5.37,overcast clouds
7,Port Elizabeth,ZA,-33.918,25.5701,67.1,82,79,11.99,broken clouds
8,Saint-Philippe,RE,-21.3585,55.7679,80.22,84,46,10.4,light rain
9,Airai,TL,-8.9266,125.4092,59.22,83,97,2.62,overcast clouds
10,Puerto Baquerizo Moreno,EC,-0.9,-89.6,79.79,83,20,13.8,few clouds
11,Busselton,AU,-33.65,115.3333,59.49,56,99,5.26,overcast clouds
12,Ciulnita,RO,44.5333,27.35,75.6,33,4,15.48,clear sky
13,Grindavik,IS,63.8424,-22.4338,37.87,93,75,28.77,broken clouds
14,College,US,64.8569,-147.8028,-2.42,70,0,0.0,clear sky
15,Fortuna,US,40.5982,-124.1573,43.99,84,0,12.66,clear sky
16,Upernavik,GL,72.7868,-56.1549,3.31,94,100,9.35,overcast clouds
17,Mataura,NZ,-46.1927,168.8643,44.83,96,78,3.71,broken clouds
18,Butaritari,KI,3.0707,172.7902,79.97,82,75,11.43,light rain
19,Henties Bay,NA,-22.116,14.2845,65.57,69,1,10.65,clear sky
20,Cheremukhovo,RU,60.3484,59.9851,35.67,97,100,3.94,overcast clouds
21,Barrow,US,71.2906,-156.7887,-18.38,69,0,9.22,clear sky
22,Ushuaia,AR,-54.8,-68.3,44.22,70,20,2.3,few clouds
23,Punta Arenas,CL,-53.15,-70.9167,42.91,93,40,9.22,scattered clouds
24,Luanda,AO,-8.8368,13.2343,81.28,77,37,11.48,light rain
25,Marsa Matruh,EG,31.3525,27.2453,65.21,57,4,10.71,clear sky
26,East London,ZA,-33.0153,27.9116,66.22,83,100,15.17,light rain
27,Ancud,CL,-41.8697,-73.8203,52.23,94,100,7.16,moderate rain
28,Albany,US,42.6001,-73.9662,45.39,92,100,4.27,light rain
29,Cherskiy,RU,68.75,161.3,-8.41,100,97,6.82,overcast clouds
30,Lamu,KE,-2.2717,40.902,85.46,65,3,13.27,clear sky
31,Kodinsk,RU,58.6881,99.1844,28.94,98,100,2.33,overcast clouds
32,Talnakh,RU,69.4865,88.3972,4.01,98,100,4.38,overcast clouds
33,San Policarpo,PH,12.1791,125.5072,79.68,85,100,17.58,overcast clouds
34,Bethel,US,41.3712,-73.414,53.02,78,20,3.44,few clouds
35,Paamiut,GL,61.994,-49.6678,25.25,62,0,11.79,clear sky
36,Provideniya,RU,64.3833,-173.3,16.65,96,100,4.5,snow
37,Georgetown,MY,5.4112,100.3354,82.33,83,20,0.0,few clouds
38,Yellowknife,CA,62.456,-114.3525,21.56,84,100,18.01,overcast clouds
39,Ribeira Grande,PT,38.5167,-28.7,54.0,87,75,26.46,broken clouds
40,Corsicana,US,32.0954,-96.4689,56.68,44,0,8.05,clear sky
41,Qaanaaq,GL,77.484,-69.3632,-2.85,71,9,5.97,clear sky
42,Avarua,CK,-21.2078,-159.775,82.45,83,40,10.36,scattered clouds
43,Ilulissat,GL,69.2167,-51.1,12.22,67,75,8.05,light shower snow
44,Rennes,FR,48.1667,-1.6667,54.57,50,0,9.22,clear sky
45,Tura,IN,25.5198,90.2201,72.77,79,2,5.48,clear sky
46,Irbeyskoye,RU,55.6428,95.4522,32.07,80,48,5.03,scattered clouds
47,Kazachinskoye,RU,57.6953,93.2761,29.41,95,100,3.47,overcast clouds
48,Sangar,RU,63.9242,127.4739,14.56,95,100,6.33,overcast clouds
49,Mahebourg,MU,-20.4081,57.7,80.26,83,40,8.05,scattered clouds
50,Cape Town,ZA,-33.9258,18.4232,80.28,31,0,8.99,clear sky
51,Touros,BR,-5.1989,-35.4608,87.31,60,21,16.51,few clouds
52,Kodiak,US,57.79,-152.4072,27.91,46,0,13.8,clear sky
53,Doka,SD,13.5167,35.7667,104.99,8,2,7.34,clear sky
54,Hobart,AU,-42.8794,147.3294,64.26,72,40,8.05,scattered clouds
55,Isangel,VU,-19.55,169.2667,80.6,84,100,9.57,overcast clouds
56,Kapaa,US,22.0752,-159.319,73.47,88,100,20.71,light rain
57,Wanning,CN,18.8003,110.3967,69.69,84,6,4.94,clear sky
58,Mar Del Plata,AR,-38.0023,-57.5575,64.87,85,75,11.99,broken clouds
59,Bluff,NZ,-46.6,168.3333,57.22,79,88,20.76,overcast clouds
60,Hermanus,ZA,-34.4187,19.2345,70.81,48,0,23.8,clear sky
61,Kasaragod,IN,12.5,75.0,83.35,77,66,6.98,broken clouds
62,Ostrovnoy,RU,68.0531,39.5131,36.14,99,100,19.37,overcast clouds
63,Rikitea,PF,-23.1203,-134.9692,78.89,74,6,17.38,clear sky
64,Srandakan,ID,-7.9386,110.2506,78.84,80,100,0.69,overcast clouds
65,Tuktoyaktuk,CA,69.4541,-133.0374,5.0,85,100,20.71,light snow
66,Puerto Ayora,EC,-0.7393,-90.3518,80.56,78,100,4.05,overcast clouds
67,Olafsvik,IS,64.8945,-23.7142,34.72,98,100,25.01,snow
68,Mazagao,BR,-0.115,-51.2894,87.85,82,83,4.43,broken clouds
69,Ziebice,PL,50.6012,17.0406,46.35,58,99,14.09,overcast clouds
70,Jalu,LY,29.0331,21.5482,84.27,12,91,6.08,overcast clouds
71,Hithadhoo,MV,-0.6,73.0833,84.07,67,94,7.65,overcast clouds
72,Thompson,CA,55.7435,-97.8558,31.78,89,100,13.22,overcast clouds
73,Chumikan,RU,54.7183,135.315,18.82,94,100,3.65,overcast clouds
74,Cabo San Lucas,MX,22.8909,-109.9124,67.05,89,0,5.01,clear sky
75,Nuuk,GL,64.1835,-51.7216,22.87,79,9,10.0,clear sky
76,Natal,BR,-5.795,-35.2094,88.45,66,75,11.5,broken clouds
77,Banjar,ID,-8.19,114.9675,77.95,90,32,3.04,scattered clouds
78,Nikolskoye,RU,59.7035,30.7861,48.09,77,100,10.85,overcast clouds
79,Raudeberg,NO,61.9875,5.1352,37.87,85,100,29.77,overcast clouds
80,Teya,RU,60.3778,92.6267,28.42,91,100,3.02,overcast clouds
81,Port Alfred,ZA,-33.5906,26.891,67.17,80,99,5.99,overcast clouds
82,Carutapera,BR,-1.195,-46.02,77.65,93,98,3.15,overcast clouds
83,Mount Isa,AU,-20.7333,139.5,71.37,35,7,0.0,clear sky
84,Narsaq,GL,60.9167,-46.05,35.82,45,2,1.19,clear sky
85,Vardo,NO,70.3705,31.1107,35.69,97,100,27.42,overcast clouds
86,Gobabis,NA,-22.45,18.9667,84.67,21,89,17.38,overcast clouds
87,Bredasdorp,ZA,-34.5322,20.0403,66.0,63,32,24.79,scattered clouds
88,Camacha,PT,33.0833,-16.3333,62.02,59,75,10.36,broken clouds
89,Fort Nelson,CA,58.8053,-122.7002,25.3,94,64,6.31,broken clouds
90,Makokou,GA,0.5738,12.8642,80.02,82,90,4.83,moderate rain
91,Vangaindrano,MG,-23.35,47.6,77.38,80,22,7.09,few clouds
92,Ayagoz,KZ,47.9714,80.4392,43.59,47,100,15.7,overcast clouds
93,Moose Factory,CA,51.2585,-80.6094,24.78,80,100,12.66,overcast clouds
94,Kargil,IN,34.5667,76.1,35.42,75,96,4.83,overcast clouds
95,Leningradskiy,RU,69.3833,178.4167,-23.12,98,62,4.54,broken clouds
96,Parkes,AU,-33.1333,148.1833,63.36,88,100,1.99,overcast clouds
97,Saint-Francois,FR,46.4154,3.9054,51.67,71,75,16.11,broken clouds
98,Necochea,AR,-38.5473,-58.7368,68.4,69,14,8.9,few clouds
99,Port Hardy,CA,50.6996,-127.4199,36.57,80,100,7.61,light rain
100,Sulgen,CH,47.5377,9.185,48.54,50,56,5.1,broken clouds
101,Vaini,TO,-21.2,-175.2,75.36,100,40,0.0,scattered clouds
102,Sept-Iles,CA,50.2001,-66.3821,33.06,97,100,10.36,mist
103,Sur,OM,22.5667,59.5289,92.53,29,100,5.44,overcast clouds
104,Hvide Sande,DK,56.0045,8.1294,42.85,70,20,21.85,few clouds
105,Lompoc,US,34.6391,-120.4579,50.41,82,100,28.01,mist
106,Kushmurun,KZ,52.4503,64.6311,47.37,72,100,9.42,overcast clouds
107,Namibe,AO,-15.1961,12.1522,76.66,68,5,9.08,clear sky
108,Lata,PT,40.1629,-8.3327,58.82,75,100,4.29,overcast clouds
109,Kalabo,ZM,-14.97,22.6814,77.77,61,92,9.04,light rain
110,Lasa,IT,46.6166,10.7002,47.7,64,100,10.67,overcast clouds
111,Kardzhin,RU,43.2737,44.2907,65.7,50,64,5.28,broken clouds
112,Faanui,PF,-16.4833,-151.75,82.06,74,87,16.78,overcast clouds
113,Luyang,CN,27.6239,110.0989,66.83,79,100,3.22,overcast clouds
114,Sinnamary,GF,5.3833,-52.95,80.1,84,96,12.26,overcast clouds
115,Sosnogorsk,RU,63.6023,53.8817,35.98,98,100,10.33,overcast clouds
116,Tiksi,RU,71.6872,128.8694,-10.46,100,100,3.27,overcast clouds
117,Ouango,CF,4.3133,22.5552,99.34,25,77,4.41,broken clouds
118,Khatanga,RU,71.9667,102.5,3.15,99,66,5.84,broken clouds
119,Rocha,UY,-34.4833,-54.3333,76.87,55,0,3.42,clear sky
120,Bengkulu,ID,-3.8004,102.2655,79.52,78,100,2.17,overcast clouds
121,Norman Wells,CA,65.282,-126.8329,22.26,92,100,13.0,overcast clouds
122,Ponta Do Sol,PT,32.6667,-17.1,68.72,65,24,5.41,few clouds
123,Saldanha,ZA,-33.0117,17.9442,71.26,42,0,13.71,clear sky
124,Homer,US,59.6425,-151.5483,31.89,68,100,3.44,overcast clouds
125,Skibbereen,IE,51.55,-9.2667,48.11,51,97,10.22,overcast clouds
126,Tazovskiy,RU,67.4667,78.7,-4.4,100,39,8.1,scattered clouds
127,Quatre Cocos,MU,-20.2078,57.7625,80.1,78,13,12.1,few clouds
128,Sovetskiy,RU,61.3614,63.5842,31.73,90,95,7.11,overcast clouds
129,Sola,VU,-13.8833,167.55,82.72,71,29,14.72,scattered clouds
130,Pisco,PE,-13.7,-76.2167,68.05,83,94,4.61,mist
131,Auki,SB,-8.7676,160.7034,77.67,84,57,3.76,broken clouds
132,Charlottetown,CA,46.2352,-63.1267,46.78,90,100,8.01,overcast clouds
133,Pano Aqil,PK,27.8569,69.1116,96.69,7,7,8.68,clear sky
134,Churapcha,RU,62.0025,132.4325,14.92,95,100,5.08,overcast clouds
135,Saurimo,AO,-9.6608,20.3916,71.1,78,100,4.76,overcast clouds
136,Boyolangu,ID,-8.1181,111.8935,76.33,88,94,2.33,overcast clouds
137,Lebu,CL,-37.6167,-73.65,58.08,74,35,12.82,scattered clouds
138,Yerazgavors,AM,40.7,43.75,52.57,43,40,4.61,scattered clouds
139,Sande,DE,53.5049,8.0142,48.02,49,100,19.66,overcast clouds
140,Ahipara,NZ,-35.1667,173.1667,59.4,78,32,5.66,scattered clouds
141,Lufilufi,WS,-13.8745,-171.5986,74.98,76,8,12.5,light rain
142,Beyneu,KZ,45.3167,55.2,67.77,41,43,17.16,scattered clouds
143,Lagoa,PT,39.05,-27.9833,56.08,71,100,34.83,overcast clouds
144,Oranjemund,NA,-28.55,16.4333,72.59,46,0,17.85,clear sky
145,Hilo,US,19.7297,-155.09,69.53,83,100,5.75,overcast clouds
146,Alofi,NU,-19.0595,-169.9187,81.05,76,47,6.89,light rain
147,Charcas,MX,23.1333,-101.1167,52.23,56,22,4.85,few clouds
148,Kota Kinabalu,MY,5.9749,116.0724,75.18,94,40,10.36,moderate rain
149,Tasiilaq,GL,65.6145,-37.6368,32.16,86,100,1.81,overcast clouds
150,Atuona,PF,-9.8,-139.0333,78.84,79,20,21.27,light rain
151,Renfrew,GB,55.872,-4.3925,51.57,50,99,15.01,overcast clouds
152,Paita,PE,-5.0892,-81.1144,72.07,76,100,7.85,overcast clouds
153,Saskylakh,RU,71.9167,114.0833,-9.96,97,34,2.8,scattered clouds
154,Cockburn Town,TC,21.4612,-71.1419,78.6,80,55,20.96,broken clouds
155,Svetlaya,RU,46.5389,138.3297,32.58,92,8,3.71,clear sky
156,Arcachon,FR,44.5875,-1.0519,61.41,44,0,10.36,clear sky
157,Nanortalik,GL,60.1432,-45.2371,32.05,69,9,1.41,clear sky
158,Pemangkat,ID,1.1667,108.9667,79.16,81,100,1.19,overcast clouds
159,Vila Velha,BR,-20.3297,-40.2925,89.55,64,20,10.36,few clouds
160,Esperance,AU,-33.8667,121.9,60.64,56,37,6.42,scattered clouds
161,Fairbanks,US,64.8378,-147.7164,-2.4,70,0,0.0,clear sky
162,Bucerias,MX,20.75,-105.3333,71.98,88,0,0.0,clear sky
163,Caucaguita,VE,10.3578,-66.8025,76.57,68,78,4.83,broken clouds
164,Mabaruma,GY,8.2,-59.7833,81.59,78,49,6.8,scattered clouds
165,Guerrero Negro,MX,27.9769,-114.0611,65.16,57,12,8.86,few clouds
166,Comodoro Rivadavia,AR,-45.8667,-67.5,58.86,88,40,4.61,light rain
167,Kamaishi,JP,39.2667,141.8833,50.25,62,2,8.77,clear sky
168,Kholbon,RU,51.8833,116.25,38.66,86,100,11.36,moderate rain
169,Tucupita,VE,9.0622,-62.051,87.55,52,94,6.87,overcast clouds
170,Komsomolskiy,UZ,40.4272,71.7189,77.72,33,97,4.61,overcast clouds
171,Constitucion,CL,-35.3333,-72.4167,58.69,70,100,1.07,overcast clouds
172,Burley,US,42.5357,-113.7928,32.2,58,0,28.01,clear sky
173,Kyshtovka,RU,56.555,76.6271,23.65,90,31,3.67,scattered clouds
174,Epe,NG,6.5841,3.9834,88.2,62,100,9.22,overcast clouds
175,Porto-Vecchio,FR,41.591,9.2795,62.13,51,75,25.32,broken clouds
176,Medeiros Neto,BR,-17.3739,-40.2206,84.81,56,62,1.19,broken clouds
177,Shieli,KZ,44.1667,66.75,71.62,43,5,10.69,clear sky
178,Torbay,CA,47.6666,-52.7314,33.58,84,100,7.0,overcast clouds
179,Male,MV,4.1748,73.5089,84.72,71,100,10.63,overcast clouds
180,Orocue,CO,4.7912,-71.3354,86.34,59,83,3.89,broken clouds
181,Brigantine,US,39.4101,-74.3646,53.2,86,75,8.05,broken clouds
182,New Norfolk,AU,-42.7826,147.0587,63.9,61,24,2.91,few clouds
183,Finschhafen,PG,-6.6024,147.8681,76.87,92,100,4.74,overcast clouds
184,Muzhi,RU,65.3667,64.6667,22.41,96,100,8.25,overcast clouds
185,Acapulco,MX,16.8634,-99.8901,76.82,78,0,0.0,clear sky
186,Severo-Kurilsk,RU,50.6789,156.125,25.52,77,14,5.75,few clouds
187,Pauini,BR,-7.7136,-66.9764,84.07,70,100,2.68,moderate rain
188,Salalah,OM,17.0151,54.0924,84.29,74,0,9.22,clear sky
189,Hovd,MN,48.0056,91.6419,45.1,19,0,17.11,clear sky
190,Aguimes,ES,27.9054,-15.4461,65.86,60,20,15.01,few clouds
191,Pevek,RU,69.7008,170.3133,-14.8,99,98,7.23,overcast clouds
192,Strezhevoy,RU,60.7333,77.5889,11.05,91,72,4.99,broken clouds
193,Solnechnyy,RU,50.7214,136.6319,20.61,96,65,3.69,light snow
194,Bodden Town,KY,19.2833,-81.25,84.0,63,40,11.01,scattered clouds
195,Poum,NC,-20.2333,164.0167,79.75,82,96,12.3,overcast clouds
196,Witu,KE,-2.3889,40.4382,87.98,56,3,13.78,clear sky
197,Portland,US,45.5234,-122.6762,42.62,88,60,1.99,broken clouds
198,Kaitangata,NZ,-46.2817,169.8464,51.46,83,26,9.6,scattered clouds
199,San Cristobal,VE,7.7669,-72.225,75.38,40,96,5.48,overcast clouds
200,Yumen,CN,40.2833,97.2,64.74,11,86,10.54,overcast clouds
201,Borba,BR,-4.3878,-59.5939,79.09,84,100,4.38,overcast clouds
202,Carnarvon,AU,-24.8667,113.6333,73.47,68,0,19.57,clear sky
203,Chuy,UY,-33.6971,-53.4616,74.28,61,0,4.59,clear sky
204,Senador Jose Porfirio,BR,-2.5908,-51.9542,80.47,78,99,2.19,overcast clouds
205,Marawi,PH,7.9986,124.2928,66.74,95,100,1.03,overcast clouds
206,Jati,PK,24.3539,68.2671,89.56,34,90,17.07,overcast clouds
207,Bayan,CN,46.0833,127.4,52.14,38,100,5.48,overcast clouds
208,Gazimurskiy Zavod,RU,51.5461,118.3266,35.92,77,100,8.14,overcast clouds
209,Oussouye,SN,12.485,-16.5469,98.56,20,16,4.56,few clouds
210,Sao Joao Da Barra,BR,-21.6403,-41.0511,82.49,73,100,6.44,overcast clouds
211,Tambopata,PE,-12.7333,-69.1833,80.49,78,75,3.44,broken clouds
212,Pilar,BR,-9.5972,-35.9567,85.93,66,65,9.01,broken clouds
213,Nome,US,64.5011,-165.4064,21.27,100,100,6.91,overcast clouds
214,Dakar,SN,14.6937,-17.4441,99.48,74,8,15.84,clear sky
215,Mareeba,AU,-17.0,145.4333,72.45,89,50,2.28,scattered clouds
216,Ulaanbaatar,MN,47.9077,106.8832,32.13,69,20,13.42,few clouds
217,Sault Sainte Marie,CA,46.5168,-84.3333,30.76,69,100,10.36,overcast clouds
218,San Quintin,MX,30.4833,-115.95,64.22,62,9,2.04,clear sky
219,Hasaki,JP,35.7333,140.8333,54.0,81,0,16.58,clear sky
220,Camana,PE,-16.6228,-72.7111,71.69,74,32,8.41,scattered clouds
221,Eyl,SO,7.9803,49.8164,83.19,69,99,13.71,overcast clouds
222,Katsuura,JP,35.1333,140.3,62.78,83,0,18.23,clear sky
223,Tuatapere,NZ,-46.1333,167.6833,46.42,90,42,4.97,scattered clouds
224,Atambua,ID,-9.1061,124.8925,72.73,89,93,4.81,overcast clouds
225,Omboue,GA,-1.5746,9.2618,72.27,95,100,4.21,moderate rain
226,Tessalit,ML,20.1986,1.0114,99.03,7,0,16.46,clear sky
227,Riyadh,SA,24.6877,46.7219,98.74,5,100,7.27,overcast clouds
228,Cayenne,GF,4.9333,-52.3333,86.04,1,40,19.57,scattered clouds
229,Tahoua,NE,14.8888,5.2692,107.44,5,6,4.65,clear sky
230,Tanout,NE,14.9709,8.8879,105.98,3,8,6.35,clear sky
231,Usinsk,RU,65.9939,57.5281,34.47,89,97,13.94,overcast clouds
232,Mitchell,US,43.7094,-98.0298,38.1,57,0,16.11,clear sky
233,Piacabucu,BR,-10.4056,-36.4344,84.11,69,38,9.66,scattered clouds
234,Cape Canaveral,US,28.4058,-80.6048,65.07,46,0,12.66,clear sky
235,Capinota,BO,-17.7167,-66.2333,71.01,54,100,4.83,overcast clouds
236,Santa Isabel,BR,-23.3156,-46.2214,79.9,68,83,0.51,broken clouds
237,Orodara,BF,10.9492,-4.9342,102.74,21,10,3.65,clear sky
238,Nan,TH,18.8333,100.6667,83.16,45,26,1.1,scattered clouds
239,Umm Kaddadah,SD,13.6017,26.6876,103.14,7,0,8.84,clear sky
240,Imbituba,BR,-28.24,-48.6703,75.45,71,32,5.3,scattered clouds
241,Westport,US,41.1415,-73.3579,55.44,87,100,3.0,overcast clouds
242,Choa Saidan Shah,PK,32.7201,72.9849,85.21,15,0,10.69,clear sky
243,Coahuayana,MX,18.7333,-103.6833,77.74,45,0,2.26,clear sky
244,Vila Franca Do Campo,PT,37.7167,-25.4333,61.21,69,12,21.5,few clouds
245,Santo Antonio Do Sudoeste,BR,-26.0736,-53.7253,77.56,62,9,2.55,clear sky
246,Vostok,RU,46.4856,135.8833,23.56,97,18,4.05,few clouds
247,Mwense,ZM,-10.3845,28.698,74.7,85,79,6.53,light rain
248,Progreso,MX,21.2833,-89.6667,75.31,46,28,15.08,scattered clouds
249,Sao Jose Da Coroa Grande,BR,-8.8978,-35.1478,82.83,76,77,10.67,broken clouds
250,Helena,US,46.5927,-112.0361,36.59,46,100,14.0,overcast clouds
251,Garden City,US,42.3256,-83.331,37.89,72,75,12.66,broken clouds
252,Karratha,AU,-20.7377,116.8463,85.59,45,6,12.28,clear sky
253,Nosy Varika,MG,-20.5833,48.5333,78.69,71,13,8.25,few clouds
254,Kontagora,NG,10.3999,5.4695,107.17,17,13,3.29,few clouds
255,Saint George,US,37.1041,-113.5841,52.39,24,0,4.61,clear sky
256,Ascension,US,30.2169,-90.9001,59.05,64,0,0.0,clear sky
257,Arraial Do Cabo,BR,-22.9661,-42.0278,84.06,70,20,11.5,few clouds
258,Rawson,AR,-43.3002,-65.1023,62.65,73,58,22.19,broken clouds
259,Olinda,BR,-8.0089,-34.8553,83.93,74,75,12.66,broken clouds
260,Jacqueville,CI,5.2052,-4.4146,82.72,79,47,11.81,scattered clouds
261,Mehamn,NO,71.0357,27.8492,35.6,98,100,29.73,overcast clouds
262,Mackenzie,CA,55.2999,-123.1698,30.42,93,75,3.44,broken clouds
263,North Bend,US,43.4065,-124.2243,42.71,94,75,4.61,broken clouds
264,Kavaratti,IN,10.5669,72.642,84.27,75,93,9.15,overcast clouds
265,Ulladulla,AU,-35.35,150.4667,63.77,92,57,4.76,broken clouds
266,Tromso,NO,69.6496,18.957,41.02,56,0,8.05,clear sky
267,Walvis Bay,NA,-22.9575,14.5053,60.1,54,22,12.1,few clouds
268,Keffi,NG,8.8486,7.8736,99.3,31,87,10.04,overcast clouds
269,Alta Floresta,BR,-9.8756,-56.0861,83.07,70,98,2.59,overcast clouds
270,Bogo,PH,11.0517,124.0055,74.93,94,100,7.74,light rain
271,Port-Cartier,CA,50.0334,-66.8654,32.76,100,100,1.97,overcast clouds
272,Katobu,ID,-4.9408,122.5276,75.56,91,100,2.84,overcast clouds
273,Gamarra,CO,8.3228,-73.7427,83.19,72,90,1.34,overcast clouds
274,San Patricio,US,28.017,-97.5169,71.47,56,0,9.46,clear sky
275,Klaksvik,FO,62.2266,-6.589,34.72,56,100,14.79,overcast clouds
276,Port Blair,IN,11.6667,92.75,82.44,78,20,2.3,mist
277,Carbonia,IT,39.1672,8.5222,68.02,55,15,17.38,few clouds
278,Inirida,CO,3.8653,-67.9239,83.88,74,83,2.73,broken clouds
279,Urzhum,RU,57.1141,49.9996,37.89,100,100,7.43,overcast clouds
280,Katangli,RU,51.7102,143.2326,20.53,97,73,5.53,broken clouds
281,Filingue,NE,14.3521,3.3168,110.61,7,2,6.4,clear sky
282,Bonavista,CA,48.6499,-53.1147,34.03,81,98,16.8,overcast clouds
283,Baruun-Urt,MN,46.6806,113.2792,56.98,30,55,20.29,broken clouds
284,Maine-Soroa,NE,13.2114,12.0241,107.87,4,69,10.8,broken clouds
285,Langenburg,DE,49.2544,9.8458,46.22,57,75,16.11,broken clouds
286,Aklavik,CA,68.2191,-135.0107,2.01,81,30,17.56,scattered clouds
287,Amberley,US,39.2048,-84.428,38.95,84,100,11.5,overcast clouds
288,Kopervik,NO,59.2835,5.3067,44.58,75,75,29.93,broken clouds
289,Almaznyy,RU,48.0448,40.045,61.75,34,80,10.47,broken clouds
290,Vao,NC,-22.6667,167.4833,77.45,84,16,24.02,few clouds
291,Naze,JP,28.3667,129.4833,63.37,77,4,9.95,clear sky
292,Flin Flon,CA,54.7682,-101.865,32.67,81,100,13.35,overcast clouds
293,Havoysund,NO,70.9963,24.6622,37.63,98,100,27.36,overcast clouds
294,Ahuimanu,US,21.4447,-157.8378,73.36,78,20,12.66,few clouds
295,Amalapuram,IN,16.5833,82.0167,80.64,86,38,2.17,scattered clouds
296,Changping,CN,40.2186,116.2197,65.84,44,92,3.18,overcast clouds
297,Nouadhibou,MR,20.931,-17.0347,65.16,82,0,19.98,clear sky
298,Dicabisagan,PH,17.0818,122.4157,76.32,91,96,4.12,overcast clouds
299,Hami,CN,42.8,93.45,68.27,14,50,7.61,scattered clouds
300,Chokurdakh,RU,70.6333,147.9167,-25.08,100,73,4.68,broken clouds
301,Victoria,HK,22.2855,114.1577,75.18,71,0,11.01,clear sky
302,Oistins,BB,13.0667,-59.5333,84.29,65,75,23.02,broken clouds
303,Ram Das,IN,31.9661,74.9047,93.11,10,3,6.24,clear sky
304,Durazno,UY,-33.4131,-56.5006,69.75,94,75,4.61,broken clouds
305,Port Hedland,AU,-20.3167,118.5667,84.25,70,48,16.11,scattered clouds
306,Caravelas,BR,-17.7125,-39.2481,86.72,57,71,4.74,broken clouds
307,Porec,HR,45.2258,13.5939,63.25,62,100,13.4,overcast clouds
308,Asau,RO,46.4333,26.4,69.28,66,96,12.06,overcast clouds
309,Antofagasta,CL,-23.65,-70.4,61.88,65,34,8.1,scattered clouds
310,Nsanje,MW,-16.92,35.262,83.66,63,79,6.98,broken clouds
311,Nioro,GM,13.35,-15.75,107.78,7,4,10.13,clear sky
312,Porto Novo,BJ,6.4965,2.6036,90.61,55,80,11.18,broken clouds
313,Qandala,SO,11.472,49.8728,83.93,63,100,2.62,overcast clouds
314,Praia,CV,14.9215,-23.5087,88.34,27,0,17.27,clear sky
315,Egvekinot,RU,66.3167,-179.1667,-9.69,96,87,5.39,overcast clouds
316,Marzuq,YE,14.4,46.4667,81.86,27,1,21.09,clear sky
317,Broome,US,42.2506,-75.833,44.2,77,100,8.05,overcast clouds
318,Luderitz,NA,-26.6481,15.1594,70.52,52,0,4.79,clear sky
319,Arman,RU,59.7,150.1667,10.22,96,78,5.66,broken clouds
320,Bar-Le-Duc,FR,48.75,5.1667,43.18,82,78,9.75,broken clouds
321,Maldonado,UY,-34.6667,-54.9167,74.59,55,0,4.43,clear sky
322,Totma,RU,59.9747,42.7642,41.22,97,100,6.78,overcast clouds
323,Mincivan,AZ,39.0294,46.7185,59.65,74,98,1.92,overcast clouds
324,Honiara,SB,-9.4333,159.95,77.61,85,63,5.14,broken clouds
325,General Pico,AR,-35.6566,-63.7568,76.77,55,0,16.13,clear sky
326,Punta De Piedra,VE,7.6176,-71.4916,91.71,37,94,7.76,overcast clouds
327,Mangan,IN,27.5167,88.5333,69.73,91,97,0.81,overcast clouds
328,Zhigansk,RU,66.7697,123.3711,6.19,91,84,9.75,broken clouds
329,Bogotol,RU,56.2078,89.5342,28.94,97,100,12.21,snow
330,Maxixe,MZ,-23.8597,35.3472,76.86,62,100,16.6,overcast clouds
331,Santa Rosa,PH,14.3122,121.1114,83.1,75,100,8.43,overcast clouds
332,Ambon,ID,-3.6954,128.1814,80.42,79,100,6.82,overcast clouds
333,Copiapo,CL,-27.3667,-70.3333,58.69,43,0,4.25,clear sky
334,Shumskiy,RU,54.8318,99.1328,28.65,89,100,3.85,overcast clouds
335,Shenjiamen,CN,29.9576,122.298,59.4,87,1,13.22,clear sky
336,Bicholim,IN,15.5869,73.9462,82.9,80,99,3.87,overcast clouds
337,Ambatondrazaka,MG,-17.8333,48.4167,71.06,77,49,7.92,scattered clouds
338,La Solana,ES,38.9442,-3.2381,61.0,64,91,12.59,overcast clouds
339,Korla,CN,41.7597,86.1469,74.44,15,65,4.0,broken clouds
340,Kamenka,RU,51.3223,42.7678,51.58,84,92,4.81,overcast clouds
341,Smithers,CA,54.7804,-127.1743,25.05,93,15,3.33,few clouds
342,Saint Anthony,US,45.0205,-93.218,39.06,51,0,4.61,clear sky
343,Kedrovyy,RU,56.1667,91.8167,30.87,95,100,4.94,overcast clouds
344,Suluq,LY,31.6682,20.2521,75.74,22,82,9.73,broken clouds
345,Misratah,LY,32.3754,15.0925,70.39,47,2,14.16,clear sky
346,Fort-Shevchenko,KZ,44.5086,50.263,51.58,78,82,14.34,broken clouds
347,Iqaluit,CA,63.7506,-68.5145,9.64,91,100,4.56,overcast clouds
348,Miguel Auza,MX,24.2933,-103.4503,57.49,45,72,6.08,broken clouds
349,Peace River,CA,56.2501,-117.286,35.65,88,100,8.01,overcast clouds
350,Nauta,PE,-4.5061,-73.5757,78.84,87,100,4.14,moderate rain
351,Anzhero-Sudzhensk,RU,56.081,86.0285,31.95,96,100,11.36,light snow
352,Bantry,IE,51.6833,-9.45,47.79,49,94,10.47,overcast clouds
353,Husavik,IS,66.0449,-17.3389,28.06,72,31,5.7,scattered clouds
354,Dunedin,NZ,-45.8742,170.5036,49.69,87,67,10.13,broken clouds
355,Lorengau,PG,-2.0226,147.2712,79.11,83,100,4.18,overcast clouds
356,Samarai,PG,-10.6167,150.6667,82.47,79,100,14.99,overcast clouds
357,Tateyama,JP,34.9833,139.8667,62.1,85,0,16.96,clear sky
358,Pangnirtung,CA,66.1451,-65.7125,10.4,79,100,8.05,light snow
359,Atbasar,KZ,51.8,68.3333,35.71,82,91,9.6,overcast clouds
360,Udachnyy,RU,66.4167,112.4,5.79,97,27,1.61,scattered clouds
361,Teshie,GH,5.5836,-0.1072,87.51,67,91,13.96,overcast clouds
362,Grand Gaube,MU,-20.0064,57.6608,80.38,78,1,5.99,clear sky
363,Bandarbeyla,SO,9.4942,50.8122,82.62,71,100,10.11,overcast clouds
364,Bambous Virieux,MU,-20.3428,57.7575,80.22,83,40,8.05,scattered clouds
365,Hirado,JP,33.3597,129.5531,60.64,81,0,7.29,clear sky
366,Dondo,MZ,-19.6094,34.7431,74.68,92,99,11.74,moderate rain
367,Anadyr,RU,64.75,177.4833,3.49,77,100,3.47,overcast clouds
368,Tshikapa,CD,-6.4167,20.8,79.63,85,99,2.8,light rain
369,Awjilah,LY,29.1081,21.2869,84.04,13,68,5.86,broken clouds
370,Miri,MY,4.4148,114.0089,77.59,86,100,6.82,overcast clouds
371,Lumeje,AO,-11.55,20.7833,73.83,78,100,8.37,moderate rain
372,Astoria,US,46.1879,-123.8313,43.86,87,100,11.5,light rain
373,Kunya,NG,12.2233,8.5325,106.52,8,9,6.87,clear sky
374,Petropavlovsk-Kamchatskiy,RU,53.0452,158.6483,18.77,82,8,12.88,clear sky
375,Phimai,TH,15.2232,102.4947,89.35,33,100,3.27,overcast clouds
376,Matadi,CD,-5.8167,13.45,84.63,71,95,4.52,overcast clouds
377,Xining,CN,36.6167,101.7667,57.36,8,74,3.91,broken clouds
378,Shuyskoye,RU,59.3736,41.0305,43.5,92,99,5.55,overcast clouds
379,Yichang,CN,30.7144,111.2847,75.09,53,98,2.84,overcast clouds
380,Nassau,US,40.7507,-73.5829,55.33,70,100,6.91,overcast clouds
381,Basoko,CD,1.2391,23.616,94.66,33,10,1.72,clear sky
382,Inyonga,TZ,-6.7167,32.0667,81.05,52,100,4.23,overcast clouds
383,Coquimbo,CL,-29.9533,-71.3436,56.93,100,100,3.44,light intensity drizzle
384,Naifaru,MV,5.4444,73.3657,84.79,70,86,11.05,overcast clouds
385,Goderich,CA,43.7501,-81.7165,33.91,78,100,11.54,overcast clouds
386,Karakol,KG,42.4907,78.3936,51.04,69,100,5.32,overcast clouds
387,Schwalmstadt,DE,50.9333,9.2167,45.55,67,100,16.26,overcast clouds
388,Azad Shahr,IR,34.7909,48.5707,58.77,41,45,17.67,scattered clouds
389,Geraldton,AU,-28.7667,114.6,63.01,77,40,1.14,scattered clouds
390,Loikaw,MM,19.6742,97.2094,75.16,39,3,3.58,clear sky
391,Nantucket,US,41.2835,-70.0995,55.51,78,100,10.36,overcast clouds
392,Broken Hill,AU,-31.95,141.4333,68.23,50,0,9.08,clear sky
393,Saint-Georges,GD,12.0564,-61.7485,81.25,65,99,14.74,overcast clouds
394,Plettenberg Bay,ZA,-34.0527,23.3716,66.9,67,16,15.59,few clouds
395,Kaeo,NZ,-35.1,173.7833,63.12,75,98,6.38,overcast clouds
396,Tambura,SS,5.6,27.4667,94.23,29,93,2.68,overcast clouds
397,Green Valley,US,31.8543,-110.9937,70.25,14,45,8.37,scattered clouds
398,Halifax,CA,44.6453,-63.5724,54.52,88,29,3.0,scattered clouds
399,Port Macquarie,AU,-31.4333,152.9167,63.9,82,28,1.32,scattered clouds
400,Ornes,NO,66.8689,13.7078,39.54,85,84,1.9,broken clouds
401,Brae,GB,60.3964,-1.353,39.61,57,98,25.41,overcast clouds
402,Byron Bay,AU,-28.65,153.6167,65.95,83,70,7.18,broken clouds
403,Dhing,IN,26.4667,92.4667,78.03,61,10,8.52,clear sky
404,Vitim,RU,59.4511,112.5578,22.93,91,99,5.66,overcast clouds
405,Reconquista,AR,-29.15,-59.65,74.66,69,0,8.86,clear sky
406,Eureka,US,40.8021,-124.1637,44.26,83,8,4.0,clear sky
407,Kaitong,CN,44.8135,123.15,54.37,21,36,12.75,scattered clouds
408,Saint-Louis,SN,16.3333,-15.0,105.19,7,7,12.53,clear sky
409,Nesbyen,NO,60.5681,9.1027,40.35,55,100,8.01,overcast clouds
410,Veraval,IN,20.9,70.3667,83.82,63,0,11.14,clear sky
411,Busembatia,UG,0.7697,33.6131,91.72,25,18,6.15,few clouds
412,Trincomalee,LK,8.5711,81.2335,82.85,72,100,5.82,moderate rain
413,Margate,GB,51.3813,1.3862,53.69,39,74,8.01,broken clouds
414,Ngawen,ID,-7.0032,111.3129,76.08,90,100,3.22,overcast clouds
415,Ballina,AU,-28.8667,153.5667,66.02,99,79,7.65,broken clouds
416,Boa Esperanca,BR,-21.09,-45.5658,77.9,74,76,4.43,broken clouds
417,Lewisporte,CA,49.2499,-55.0482,33.55,94,100,10.22,light snow
418,Clyde River,CA,70.4692,-68.5914,-0.17,85,100,10.36,light snow
419,Mezen,RU,65.8522,44.24,41.72,93,100,13.33,overcast clouds
420,Kavieng,PG,-2.5744,150.7967,81.18,78,85,4.81,overcast clouds
421,Baykit,RU,61.67,96.37,19.94,94,97,2.35,overcast clouds
422,Barentu,ER,15.1139,37.5928,97.18,10,1,13.47,clear sky
423,Deputatskiy,RU,69.3,139.9,-16.4,100,100,1.83,overcast clouds
424,Ponta Delgada,PT,37.7333,-25.6667,61.52,67,40,28.77,scattered clouds
425,Maragogi,BR,-9.0122,-35.2225,82.69,77,87,11.01,overcast clouds
426,Hamilton,US,39.1834,-84.5333,39.65,85,100,13.8,overcast clouds
427,Kununurra,AU,-15.7667,128.7333,69.78,73,27,0.0,scattered clouds
428,Dublin,US,37.7021,-121.9358,53.01,85,0,4.61,clear sky
429,Panguna,PG,-6.3164,155.4848,67.51,94,80,1.74,broken clouds
430,Umm Lajj,SA,25.0213,37.2685,80.76,60,8,6.13,clear sky
431,Pangai,TO,-19.8,-174.35,81.27,73,10,5.14,clear sky
432,Terrasini,IT,38.146,13.0844,70.12,49,100,13.8,overcast clouds
433,Mudu,CN,31.252,120.5118,61.86,74,99,8.55,overcast clouds
434,Juye,CN,35.3947,116.0883,71.24,56,4,12.06,clear sky
435,Hobyo,SO,5.3505,48.5268,83.91,69,15,13.15,few clouds
436,Russkaya Polyana,UA,49.417,31.9201,65.16,50,100,17.25,overcast clouds
437,Dothan,US,31.2232,-85.3905,51.21,48,0,18.41,clear sky
438,Skjervoy,NO,70.0311,20.9714,39.2,79,100,10.67,overcast clouds
439,Viedma,AR,-40.8135,-62.9967,63.09,77,100,14.58,overcast clouds
440,Kommunar,RU,59.6206,30.39,47.73,75,95,12.44,overcast clouds
441,Coolum Beach,AU,-26.5333,153.1,71.11,93,100,13.82,overcast clouds
442,Xichang,CN,27.8964,102.2634,58.23,88,98,2.37,overcast clouds
443,Mount Gambier,AU,-37.8333,140.7667,59.16,74,6,5.23,clear sky
444,Tekirdag,TR,40.978,27.5085,74.55,55,0,11.36,clear sky
445,Arkhipo-Osipovka,RU,44.37,38.52,51.85,82,76,11.16,broken clouds
446,Bati,ET,11.1833,40.0167,80.89,25,0,10.65,clear sky
447,Dukat,RU,62.55,155.55,1.06,97,100,4.12,overcast clouds
448,Laguna,US,38.421,-121.4238,59.18,39,0,17.27,clear sky
449,Methoni,GR,36.8197,21.7049,71.46,75,0,10.33,clear sky
450,Verkhnevilyuysk,RU,63.4453,120.3167,13.06,98,98,2.46,overcast clouds
451,Titlagarh,IN,20.3,83.15,99.14,14,85,5.14,overcast clouds
452,Takoradi,GH,4.8845,-1.7554,87.96,65,99,13.58,overcast clouds
453,Mosetse,BW,-20.75,26.65,71.94,55,97,15.88,overcast clouds
454,Gambela,ET,8.25,34.5833,100.35,23,59,5.46,broken clouds
455,Trinidad,BO,-14.8333,-64.9,87.78,66,40,4.61,scattered clouds
456,Ferzikovo,RU,54.5191,36.7567,49.64,75,100,13.91,overcast clouds
457,Christchurch,NZ,-43.5333,172.6333,55.9,89,29,4.61,scattered clouds
458,Buchanan,LR,5.8808,-10.0467,86.27,67,97,9.35,overcast clouds
459,Palmares Do Sul,BR,-30.2578,-50.5097,73.54,77,76,10.31,broken clouds
460,Batagay-Alyta,RU,67.8006,130.4114,-0.18,97,95,4.97,overcast clouds
461,Opuwo,NA,-18.0607,13.84,89.06,23,1,1.3,clear sky
462,Goundam,ML,16.4145,-3.6708,107.98,5,20,15.59,few clouds
463,Susangerd,IR,31.5608,48.1831,97.81,8,75,12.5,broken clouds
464,Galle,LK,6.0367,80.217,81.36,77,68,10.2,light rain
465,Vestmannaeyjar,IS,63.4427,-20.2734,38.39,75,75,28.77,broken clouds
466,Sorland,NO,67.667,12.6934,38.82,67,51,13.94,broken clouds
467,Mayfield,US,36.7417,-88.6367,44.92,68,0,6.91,clear sky
468,Lukovetskiy,RU,64.2956,41.9211,41.41,89,100,9.51,overcast clouds
469,Balikpapan,ID,-1.2675,116.8289,81.59,89,40,4.61,scattered clouds
470,Sao Jose Do Calcado,BR,-21.0253,-41.6544,82.8,69,100,2.59,overcast clouds
471,Capao Da Canoa,BR,-29.7456,-50.0097,70.03,90,100,9.8,overcast clouds
472,Iracoubo,GF,5.4802,-53.2011,79.77,86,88,11.95,overcast clouds
473,Bintulu,MY,3.1667,113.0333,77.34,86,96,4.18,overcast clouds
474,Mitsamiouli,KM,-11.3847,43.2844,83.43,75,100,9.28,overcast clouds
475,Moyale,KE,3.5167,39.0584,83.57,37,53,15.1,broken clouds
476,Codrington,AU,-38.2667,141.9667,65.14,68,61,9.8,broken clouds
477,San Andres,CO,12.5847,-81.7006,84.22,74,20,16.11,few clouds
478,Abonnema,NG,4.7084,6.7931,82.85,75,100,12.28,light rain
479,Souillac,MU,-20.5167,57.5167,79.18,83,40,8.05,scattered clouds
480,Lavrentiya,RU,65.5833,-171.0,6.67,96,100,4.63,light snow
481,Ketchikan,US,55.3422,-131.6461,33.78,83,17,1.61,few clouds
482,Rockport,US,28.0206,-97.0544,71.64,68,0,10.36,clear sky
483,Sabang,ID,5.8933,95.3214,84.07,66,100,2.42,overcast clouds
484,Luang Prabang,LA,19.8856,102.1347,79.79,53,39,0.87,scattered clouds
485,Crestview,US,30.7621,-86.5705,55.26,47,0,12.66,clear sky
486,Guhagar,IN,17.4842,73.1929,81.9,85,85,3.8,overcast clouds
487,Taltal,CL,-25.4,-70.4833,66.24,66,18,5.21,few clouds
488,Indramayu,ID,-6.3264,108.32,80.89,72,49,1.5,scattered clouds
489,Deder,ET,9.3167,41.45,70.63,37,73,4.61,broken clouds
490,Tondi,IN,9.7333,79.0167,85.68,65,100,8.86,overcast clouds
491,Salcedo,PH,12.8105,121.4674,77.49,84,100,7.67,overcast clouds
492,Boende,CD,-0.2167,20.8667,96.42,32,48,1.3,scattered clouds
493,Sao Felix Do Xingu,BR,-6.6447,-51.995,79.99,90,98,1.05,overcast clouds
494,Linxia,CN,35.6003,103.2064,61.23,14,2,5.3,clear sky
495,Ishcherskaya,RU,43.7153,45.1264,66.51,45,10,6.4,clear sky
496,Santa Marta,CO,11.2408,-74.199,86.9,60,99,8.99,overcast clouds
497,Makakilo City,US,21.3469,-158.0858,72.19,73,0,12.66,clear sky
498,Emerald,AU,-23.5333,148.1667,71.35,72,10,8.81,clear sky
499,Sistranda,NO,63.7256,8.834,40.96,81,100,23.47,overcast clouds
500,Aykhal,RU,66.0,111.5,7.54,96,34,1.61,scattered clouds
501,Port Lincoln,AU,-34.7333,135.8667,68.02,70,18,7.47,few clouds
502,Ha Giang,VN,22.8333,104.9833,72.07,70,37,2.51,scattered clouds
503,Saint-Augustin,CA,51.226,-58.6502,32.0,99,100,17.76,snow
504,Canico,PT,32.6333,-16.85,68.72,68,20,12.66,few clouds
505,Bolama,GW,11.5833,-15.4667,80.19,68,76,14.16,broken clouds
506,Erzin,TR,36.9559,36.2,66.56,68,0,4.83,clear sky
507,El Prat De Llobregat,ES,41.3278,2.0947,60.55,70,20,14.97,few clouds
508,Jiamusi,CN,46.8333,130.35,47.01,55,70,2.77,broken clouds
509,Axim,GH,4.8699,-2.2405,85.84,69,100,10.09,overcast clouds
510,Ruteng,ID,-8.6136,120.4721,62.31,88,73,1.1,broken clouds
511,Martil,MA,35.6166,-5.2752,70.41,52,5,6.02,clear sky
512,Batemans Bay,AU,-35.7167,150.1833,65.1,95,65,3.85,broken clouds
513,Boyabat,TR,41.4689,34.7667,72.0,31,8,7.11,clear sky
514,Sal Rei,CV,16.1833,-22.9167,77.2,69,20,19.57,few clouds
515,Te Anau,NZ,-45.4167,167.7167,44.56,90,46,0.38,scattered clouds
516,Bonito,BR,-21.1211,-56.4819,84.27,62,100,6.51,overcast clouds
517,La Concepcion,PA,8.5167,-82.6167,79.99,68,86,3.44,overcast clouds
518,Nouakchott,MR,18.0858,-15.9785,98.53,33,4,15.05,clear sky
519,Quzhou,CN,28.9594,118.8686,65.73,62,40,1.66,scattered clouds
520,Ouahigouya,BF,13.5828,-2.4216,108.12,9,3,1.95,clear sky
521,Bilma,NE,18.6853,12.9164,104.88,4,0,3.44,clear sky
522,Jiaocheng,CN,24.6774,116.1389,68.09,53,0,1.23,clear sky
523,Opotiki,NZ,-38.0833,177.2833,49.39,86,0,4.63,clear sky
524,Oyama,JP,36.3,139.8,67.59,69,0,5.1,clear sky
525,Tongchuan,CN,35.0806,109.0897,67.55,28,0,1.92,clear sky
526,Fare,PF,-16.7,-151.0167,82.27,73,100,17.45,overcast clouds
527,Maniwaki,CA,46.3834,-75.966,40.89,81,56,4.9,broken clouds
528,Finnsnes,NO,69.2296,17.9811,41.61,72,99,3.38,overcast clouds
529,Coihaique,CL,-45.5752,-72.0662,44.55,93,75,3.44,broken clouds
530,Anuradhapura,LK,8.3565,80.4173,77.76,87,100,0.78,moderate rain
531,Kendari,ID,-3.945,122.4989,77.14,84,63,4.52,broken clouds
532,Hofn,IS,64.2539,-15.2082,32.86,46,65,4.27,broken clouds
533,Pimentel,PE,-6.8367,-79.9342,73.69,68,40,1.14,scattered clouds
534,Atar,MR,20.5169,-13.0499,95.41,5,0,6.98,clear sky
535,Saint-Denis,FR,48.9167,2.3333,52.36,60,75,10.36,broken clouds
536,Mangrol,IN,21.1167,70.1167,83.82,62,3,11.34,clear sky
537,Qaqortoq,GL,60.7167,-46.0333,32.59,61,6,1.9,clear sky
538,Guarapari,BR,-20.6667,-40.4975,86.9,61,98,6.44,overcast clouds
539,Ostersund,SE,63.1792,14.6357,33.62,86,100,5.75,overcast clouds
540,Saint-Joseph,RE,-21.3667,55.6167,79.21,82,30,11.61,light rain
541,Bemidji,US,47.4736,-94.8803,36.55,68,0,0.0,clear sky
542,Sambava,MG,-14.2667,50.1667,79.61,84,31,14.34,light rain
543,Challapata,BO,-18.9,-66.7667,53.73,59,81,6.35,broken clouds
544,Canberra,AU,-35.2835,149.1281,60.78,89,100,4.61,overcast clouds
545,Sitka,US,57.0531,-135.33,35.49,80,100,3.44,overcast clouds
546,Nacala,MZ,-14.5428,40.6728,82.38,67,2,8.95,clear sky
547,Clonakilty,IE,51.6231,-8.8706,51.1,54,97,9.4,overcast clouds
548,Tecpan,GT,14.7623,-90.9947,60.62,81,83,7.81,broken clouds
549,Tabou,CI,4.423,-7.3528,86.07,69,92,10.54,overcast clouds
550,Benguela,AO,-12.5763,13.4055,80.33,78,95,9.19,overcast clouds
551,Yarada,IN,17.65,83.2667,84.52,79,40,9.22,scattered clouds
552,Vaitape,PF,-16.5167,-151.75,82.02,74,85,16.69,overcast clouds
553,Elk River,US,45.3038,-93.5672,39.22,55,11,3.04,few clouds
554,Cairns,AU,-16.9167,145.7667,77.07,89,75,11.5,broken clouds
555,Bonthe,SL,7.5264,-12.505,85.14,68,100,10.85,overcast clouds
556,Gibara,CU,21.1097,-76.1317,79.92,64,34,5.01,scattered clouds
557,Waipawa,NZ,-41.4122,175.5153,45.63,82,0,4.12,clear sky
